id,name,model_id:id,group_id:id,perm_read,perm_write,perm_create,perm_unlink

access_hc_cashback_commission_rule_user,access.hc.cashback.commission.rule.user,model_hc_cashback_commission_rule,hc_cashback.group_cashback_user,1,0,0,0
access_hc_cashback_commission_rule_manager,access.hc.cashback.commission.rule.manager,model_hc_cashback_commission_rule,hc_cashback.group_cashback_manager,1,1,1,1

access_hc_cashback_provider_user,access.hc.cashback.provider.user,model_hc_cashback_provider,hc_cashback.group_cashback_user,1,0,0,0
access_hc_cashback_provider_manager,access.hc.cashback.provider.manager,model_hc_cashback_provider,hc_cashback.group_cashback_manager,1,1,1,1

access_hc_cashback_member_user,access.hc.cashback.member.user,model_hc_cashback_member,hc_cashback.group_cashback_user,1,1,0,0
access_hc_cashback_member_manager,access.hc.cashback.member.manager,model_hc_cashback_member,hc_cashback.group_cashback_manager,1,1,1,1

access_hc_cashback_link_user,access.hc.cashback.link.user,model_hc_cashback_link,hc_cashback.group_cashback_user,1,0,0,0
access_hc_cashback_link_manager,access.hc.cashback.link.manager,model_hc_cashback_link,hc_cashback.group_cashback_manager,1,1,1,1

access_hc_cashback_order_user,access.hc.cashback.order.user,model_hc_cashback_order,hc_cashback.group_cashback_user,1,0,0,0
access_hc_cashback_order_manager,access.hc.cashback.order.manager,model_hc_cashback_order,hc_cashback.group_cashback_manager,1,1,1,0

access_hc_cashback_ledger_user,access.hc.cashback.ledger.user,model_hc_cashback_ledger,hc_cashback.group_cashback_user,1,0,0,0
access_hc_cashback_ledger_manager,access.hc.cashback.ledger.manager,model_hc_cashback_ledger,hc_cashback.group_cashback_manager,1,1,1,0

access_hc_cashback_withdrawal_user,access.hc.cashback.withdrawal.user,model_hc_cashback_withdrawal,hc_cashback.group_cashback_user,1,1,1,0
access_hc_cashback_withdrawal_manager,access.hc.cashback.withdrawal.manager,model_hc_cashback_withdrawal,hc_cashback.group_cashback_manager,1,1,1,1
